"tfs gaming,tfs plays,team four star,team four star gaming,team four star plays,team four star twitch, teamfourstar,teamfourstar gaming,teamfourstar plays,teamfourstar twitch,tfs vegeta,renegade for life, renegade for life tfs,rfl,vegeta,vegeta plays,vegeta game,tfs gaming renegade for life,yoshi's crafted world,yoshi's crafted world nintendo switch,tfs gaming yoshi,tfs yoshi,piccolo yoshi,tfs play yoshi,piccoyoshi,yoshi's crafted world gameplay",TFS Gaming,Apr 15 2019,Vegoshi's Crafted Planet | Vegeta Plays Yoshi's Crafted World | Renegade For Life,1019,6,614,10250,pkZtnbpCROo
"tfs gaming, tfs plays, team four star, team four star gaming, team four star plays, team four star twitch, teamfourstar, teamfourstar gaming, teamfourstar plays, teamfourstar twitch, sekrio, sekiro shadows die twice, sekiro gameplay, sekiro shadows die twice gameplay, sekiro die twice, sake, sake drink, drinking game, sake drinking game, sakero",TFS Gaming,Apr 12 2019,Sakero: Shadows Drink Twice | Sekiro: Shadows Die Twice Part 2 – TFS Gaming,504,8,1090,13550,qHp-kcdXruU
"tfs at the table, dungeons and dragons, team four star, teamfourstar, teamfourstar gaming, teamfourstar twitch, dungeons and dragons twitch, dnd, du0026d, tfs dungeons and dragons, tfs gaming, tfs plays, tfs dnd, dungeons and dragons stream, dungeons and dragons gameplay, dunngeons and dragons game, dungeons and dragons table, du0026d stream, dnd stream, role playing, rpg, role playing game, role playing games, roleplay, adventure, game, tabletop, table top, tabletop games, tabletop rpg",TFS Gaming,Apr 10 2019,TFS At The Table: Chapter 4 Episode 12: Set Course for Avast | Dungeons and Dragons | TeamFourStar,775,5,9360,28382,Exzx6qnDofY
"tfs gaming, tfs plays, team four star, team four star gaming, team four star plays, team four star twitch, teamfourstar, teamfourstar gaming, teamfourstar plays, teamfourstar twitch, tfs vegeta, renegade for life, renegade for life tfs, rfl, vegeta, vegeta plays, vegeta game, tfs gaming renegade for life, sekrio shadows die twice, sekiro, sekiro shadows die twice gameplay, sekiro gameplay, sekiro die twice, let's play, lets play, vegeta plays sekiro, renegade for life sekiro",TFS Gaming,Apr 08 2019,Saiyans Die Twice | Vegeta Plays Sekiro: Shadows Die Twice | Renegade For Life,3225,31,1025,82859,6-b6gCooDBc
"tfs gaming, tfs plays, teamfourstar, teamfourstar gaming, teamfourstar plays, teamfourstar twitch, team four star, team four star gaming, team four star plays, team four star twitch, let's play, lets play, Red Dead Redemption 2, Red dead redemption 2 p.c, rdr2, Read dead redemption 2 online, rdr2 online, Red dead redemption on pc, Red dead redemption 2 gameplay, rdr2 pc, rdr2 best horse, Red dead redemption 2 memes, Red dead redemption 2 horses, rdr2 horses, rdr2 gameplay",TFS Gaming,Apr 05 2019,How The West Was Fun! | Red Dead Redemption 2 - TFS Gaming,1155,12,830,22630,bDzlR6p2UQg
"tfs at the table, dungeons and dragons, team four star, teamfourstar, teamfourstar gaming, teamfourstar twitch, dungeons and dragons twitch, dnd, du0026d, tfs dungeons and dragons, tfs gaming, tfs plays, tfs dnd, dungeons and dragons stream, dungeons and dragons gameplay, dunngeons and dragons game, dungeons and dragons table, du0026d stream, dnd stream, role playing, rpg, role playing game, role playing games, roleplay, adventure, game, tabletop, table top, tabletop games, tabletop rpg",TFS Gaming,Apr 03 2019,TFS At The Table: Chapter 4 Episode 11: Stowaway Shenanigans | Dungeons and Dragons | TeamFourStar,1135,7,13360,49002,KvFzk1BdWg0
"tfs gaming, tfs plays, team four star, team four star gaming, team four star plays, team four star twitch, teamfourstar, teamfourstar gaming, teamfourstar plays, teamfourstar twitch, tfs vegeta, renegade for life, renegade for life tfs, rfl, vegeta, vegeta plays, vegeta game, tfs gaming renegade for life, think of the children, think of the children game, vegeta plays think of the children, renegade for life think of the children, tfs think of the children",TFS Gaming,Apr 02 2019,Prince of all Parents | Vegeta Plays Think of the Children | Renegade For Life,3742,28,766,101204,BjCoJqBmjes
"tfs gaming, tfs plays, team four star, team four star gaming, team four star plays, team four star twitch, teamfourstar, teamfourstar gaming, teamfourstar plays, teamfourstar twitch, tfs gaming kingdom hearts, tfs kingdom hearts, kingdom hearts, kingdom hearts 3, kingdom hearts 3 let's play, kingdom hearts 3 lets play, kingdom hearts 3 gameplay, kingdom hearts 3 stream, kingdom hearts 3 reaction, KH3, KH3 gameplay, kingdom hearts 3 frozen, kingdom hearts frozen, kh3 frozen",TFS Gaming,Apr 01 2019,Kingdom Hearts 3 Part 27 - TFS Gaming,310,7,2117,8158,RZIFP0Otb4c
"tfs gaming, tfs plays, team four star, team four star gaming, team four star plays, team four star twitch, teamfourstar, teamfourstar gaming, teamfourstar plays, teamfourstar twitch, tfs gaming kingdom hearts, tfs kingdom hearts, kingdom hearts, kingdom hearts 3, kingdom hearts 3 let's play, kingdom hearts 3 lets play, kingdom hearts 3 gameplay, kingdom hearts 3 stream, kingdom hearts 3 reaction, KH3, KH3 gameplay, kingdom hearts 3 frozen, kingdom hearts frozen, kh3 frozen",TFS Gaming,Mar 29 2019,Kingdom Hearts 3 Part 26 - TFS Gaming,294,8,1993,7809,WANTx4wHCsc
"tfs at the table, teamfourstar, teamfourstar gaming, call of cthulhu game, unspeakable words, jenga, teamfourstar twitch, tfs gaming, tfs plays, call of cthulhu, cthulhu game, unspeakable words game, tabletop, game, cthulhu the game, table top, tabletop games, unspeakable, words, jenga the game, jenga game",TFS Gaming,Mar 27 2019,TFS At The Table: Unspeakable Words: The Call of Cthulhu Word Game W/ Jenga- TeamFourStar,764,24,6577,27587,76XmCQTcZUQ
"album, review, music, reviews, indie, underground, new, latest, lyrics, listen, track, the needle drop, anthony fantano, song, songs, tracks, single, rammstein, king gizzard, courtney barnett, baroness, nails, rock, pop, rap, hip hop, metal, lil yachty, chance the rapper, freestyle, noname, kevin abstract, tame impala, borderline, mark ronson, mountain goats, lil uzi vert, sanguine paradise, that's a rack, steve lacy, schoolboy q, travis scott, chopstix, foster the people, cal chuchesta",TheNeedleDrop,Apr 14 2019,Weekly Track Roundup: 4/14 (ScHoolboy Q Tame Impala Rammstein King Gizzard),1451,72,1448,71855,U_OBnRABSTE
"album, review, music, reviews, indie, underground, new, latest, lyrics, full song, listen, track, concert, live, performance, update, the needle drop, anthony fantano, vlog, talk, discussion, music nerd, show me the body, rock, punk, metal, new york, post-hardcore, noise rock, loma vista, banjo, camp orchestra, arcanum, madonna rocket",TheNeedleDrop,Apr 12 2019,Show Me the Body - Dog Whistle ALBUM REVIEW,1143,31,456,51118,FjMD4H96TN4
"album, review, music, reviews, indie, underground, new, latest, lyrics, full song, listen, track, concert, live, performance, update, the needle drop, anthony fantano, vlog, talk, discussion, music nerd, weyes blood, natalie mering, pop, baroque, chamber pop, art pop, dream pop, sub pop, titanic, a lot's gonna change, andromeda, everyday, something to believe, movies, picture me better",TheNeedleDrop,Apr 11 2019,Weyes Blood - Titanic Rising ALBUM REVIEW,3317,30,641,96180,ANqN835Gmro
"album, review, music, reviews, indie, underground, new, latest, lyrics, full song, listen, track, concert, live, performance, update, the needle drop, anthony fantano, vlog, talk, discussion, music nerd, rap, hip hop, quelle chris, jazz, conscious, detroit, mello, guns, straight shot, obamacare, spray and pray, it's the law, wheaties, jean grae, minks, psa",TheNeedleDrop,Apr 10 2019,Quelle Chris - Guns ALBUM REVIEW,3346,61,578,114295,zJ5A5CdlnTo
"album, review, music, reviews, indie, underground, new, latest, lyrics, full song, listen, track, concert, live, performance, update, the needle drop, anthony fantano, vlog, talk, discussion, music nerd, ibibio sound machine, doko mien, ibibio, afrobeat, funk, electro, merge, eno williams, london, uk, basquiat, tell me, wanna come down, guess we found a way",TheNeedleDrop,Apr 09 2019,Ibibio Sound Machine - Doko Mien ALBUM REVIEW,901,16,317,42985,WRH2Cn3ktY8
"album, review, music, reviews, indie, underground, new, latest, lyrics, listen, the needle drop, anthony fantano, song, track, avey tare, cows on hourglass pond, wallows, quadeca, voice memos, rock, pop, rap, hip hop, yola, khalid, free spirit, periphery, de staat, karen o, dangermouse, lux, chai, punk, angel du$t, gesaffelstein, hyperion, icp, fearful fred fury, lil skies, shelby, nilufer yanya, miss universe, jenny lewis, on the line, chief keef, zaytoven, snarky puppy, stephen malkmus",TheNeedleDrop,Apr 08 2019,YUNOREVIEW: March 2019 (Avey Tare Quadeca Khalid  Insane Clown Posse),2630,194,705,115498,Uq-JKl8-4Ek
"album, review, music, reviews, indie, underground, new, latest, lyrics, listen, track, the needle drop, anthony fantano, song, songs, tracks, single, rap, hip hop, country, rock, pop, marissa nadler, tim hecker, weyes blood, titus andronicus, jpegmafia, the who, anderson paak, make it better, the national, vampire weekend, mac demarco, ariana grande, monolpoly, lil nas x, billy ray cyrus, old town road, remix, jonas brothers, cool, grimes",TheNeedleDrop,Apr 07 2019,Weekly Track Roundup: 4/7 (Lil Nas X Ariana Grande Anderson .Paak  Vampire Weekend),2821,153,1013,167229,GKaKkhdtmd4
"album, review, music, reviews, indie, underground, new, latest, lyrics, full song, listen, track, concert, live, performance, update, the needle drop, anthony fantano, vlog, talk, discussion, music nerd, billy woods, kenny segal, backwoodz, hiding places, rap, hip hop, abstract, conscious, jazz rap, east coast, new york, elucid, spongebob, steak knives, checkpoints, bedtime, crawlspace, toothy, red dust",TheNeedleDrop,Apr 05 2019,Billy Woods & Kenny Segal - Hiding Places ALBUM REVIEW,1765,27,641,65779,_EbckCohk7s
"album, review, music, reviews, indie, underground, new, latest, lyrics, full song, listen, track, concert, live, performance, update, the needle drop, anthony fantano, vlog, talk, discussion, music nerd, great albums, march, best, list, billie eilish, when we all fall asleep, flume, hi this is flume, matmos, plastic anniversary, little simz, blu, oh no, los angeles summer night, the comet is coming, trust in the lifeforce, jazz, rap, hip hop, pop, electronic",TheNeedleDrop,Apr 04 2019,GREAT ALBUMS: March 2019,4919,151,234,179467,ngnmGuW4Cco
"album, review, music, reviews, indie, underground, new, latest, lyrics, full song, listen, track, concert, live, performance, update, the needle drop, anthony fantano, vlog, talk, discussion, music nerd, la dispute, emo, post-hardcore, post-rock, rock, panorama, epitaph, rose quartz, fulton street, rhodonite, anxiety, michigan, footsteps at the pond",TheNeedleDrop,Apr 03 2019,La Dispute - Panorama ALBUM REVIEW,1647,84,461,79836,GyvWvIlG3Vo
"meme, memes, dank, ylyl, dankula, webm, webms, count, pug, comedy, scottish, scotland, glasgow, uk, politics, satire, parody, britain, count dankula, mark meechan, markus meechan, mad lads, absolute mad lads",Count Dankula,Apr 14 2019,Absolute Mad Lads - The Ice Cream War,24352,83,1481,254549,6TJf9J09SiU
"meme, memes, dank, ylyl, dankula, webm, webms, count, pug, comedy, scottish, scotland, glasgow, uk, politics, satire, parody, britain, count dankula, mark meechan, markus meechan, mad lads, absolute mad lads",Count Dankula,Apr 08 2019,The Stag,18265,132,687,233846,adCAcy3xDSo
"meme, memes, dank, ylyl, dankula, webm, webms, count, pug, comedy, scottish, scotland, glasgow, uk, politics, satire, parody, britain, count dankula, mark meechan, markus meechan, mad lads, absolute mad lads",Count Dankula,Mar 28 2019,Absolute Mad Lads - Chopper,39523,194,1224,533003,jAWl12iXCmM
"meme, memes, dank, ylyl, dankula, webm, webms, count, pug, comedy, scottish, scotland, glasgow, uk, politics, satire, parody, britain, count dankula, mark meechan, markus meechan, mad lads, absolute mad lads, la riots, rodney king, rodney king riots, police brutality, koreans, los angeles riots",Count Dankula,Mar 21 2019,Absolute Mad Lads - Roof Koreans,60733,536,612,707536,1Pwl4pvr300
"meme, memes, dank, ylyl, dankula, webm, webms, count, pug, comedy, scottish, scotland, glasgow, uk, politics, satire, parody, britain, count dankula, mark meechan, markus meechan, mad lads, absolute mad lads",Count Dankula,Mar 14 2019,Absolute Mad Lads - White Death,43970,175,499,500018,zzlILjFqZlo
"meme, memes, dank, ylyl, dankula, webm, webms, count, pug, comedy, scottish, scotland, glasgow, uk, politics, satire, parody, britain, count dankula, mark meechan, markus meechan, mad lads, absolute mad lads",Count Dankula,Mar 7 2019,Deplatformed With Lies From The Nazi Supporting Daily Fail,37862,132,739,297272,CvjJTpUX1pk
"meme, memes, dank, ylyl, dankula, webm, webms, count, pug, comedy, scottish, scotland, glasgow, uk, politics, satire, parody, britain, count dankula, mark meechan, markus meechan, mad lads, absolute mad lads",Count Dankula,Mar 3 2019,Count Dankula Live - Comedy Unleashed,28811,187,589,229507,ZPrCkxGEKg8
"meme, memes, dank, ylyl, dankula, webm, webms, count, pug, comedy, scottish, scotland, glasgow, uk, politics, satire, parody, britain, count dankula, mark meechan, markus meechan, mad lads, absolute mad lads",Count Dankula,Feb 28 2019,Absolute Mad Lads - Franz Schmidt,31017,127,889,511372,EDYIA_K2NoE
"meme, memes, dank, ylyl, dankula, webm, webms, count, pug, comedy, scottish, scotland, glasgow, uk, politics, satire, parody, britain, count dankula, mark meechan, markus meechan, mad lads, absolute mad lads",Count Dankula,Feb 21 2019,The Crown Cometh,51338,87,292,314858,Ze6_HtI-1ko
"meme, memes, dank, ylyl, dankula, webm, webms, count, pug, comedy, scottish, scotland, glasgow, uk, politics, satire, parody, britain, count dankula, mark meechan, markus meechan, mad lads, absolute mad lads",Count Dankula,Feb 12 2019,Absolute Mad Lads - Sawney Bean,35431,146,920,476965,mvR_rgm2nBM
"game of thrones, game of thrones season 8, brotherhood without banners, beric dondarrion, thoros of myr, sandor clegane, game of thrones season 8 trailer, game of thrones gendry, brotherhood without banners explained, beric dondarrion vs the hound, beric dondarrion flaming sword, beric dondarrion resurrection, thoros death, thoros of myr flaming sword",The Take by ScreenPrism,Apr 14 2019,Game of Thrones Symbolism: Brotherhood Without Banners,2623,67,1214,77968,mlBUc1_E9AQ
"game of thrones, the night's watch, jon snow, samwell tarly, game of thrones recap, game of thrones season 8, jon snow resurrection, jon snow death scene, jon snow and ygritte, night's watch oath, night's watch vs wildlings, night's watch vs. giant, night's watch vs mutineers, night's watch vs white walkers, white walkers",The Take by ScreenPrism,Apr 13 2019,Game of Thrones Symbolism: The Night's Watch,3781,60,1241,123724,PN7YOV_evPA
"Us, Us movie, Us 2019 movie, jordan peele, Us trailer, Us explained, us ending explained, us review, us ending, Lupita Nyong'o, Winston Duke, Elisabeth Moss, horror film, us movie clip, us movie theory, get out",The Take by ScreenPrism,Apr 07 2019,Us: Themes Symbols & Ending Explained - Which Side Are You On?,4813,107,1207,117353,RZnFT9lz5pI
"game of thrones, dothraki, game of thrones season 8, daenerys targaryen, khal drogo, khal drogo fight, khal drogo speech, jason momoa, dothraki vs lannister, dothraki language, dothraki horde on an open field, emilia clarke, jorah mormont",The Take by ScreenPrism,Apr 06 2019,Game of Thrones Symbolism: The Dothraki,7350,188,1304,241827,ddkc__6mgg4
"game of thrones, hbo, house tully, catelyn stark, brynden tully, edmure tully, riverrun, riverlands, the red wedding, house tully symbolism, house tully history, game of thrones season 8, the rains of castamere",The Take by ScreenPrism,Mar 31 2019,Game of Thrones Symbolism: House Tully,6217,92,1172,199692,NQ1UlkxnwZ0
"game of thrones, house arryn, arryns, lysa arryn, robin arryn, petyr baelish, littlefinger, eyrie, lysa arryn death, lysa arryn and sansa, lysa arryn confession, lysa arryn wedding, robin arryn training, game of thrones season 8",The Take by ScreenPrism,Mar 30 2019,Game of Thrones Symbolism: House Arryn,6230,118,1073,216749,ukhdVC0DlF0
"The Office, Kelly Kapoor, Andy Bernard, Mindy Kaling, Ed Helms, Michael Scott, Steve Carell, Dwight Schrute, Rainn Wilson, Jim Halpert, John Krasinski, Pam Beesly, Jenna Fischer, The Office Webisodes, the office andy singing, the office andy erin, the office kelly and ryan",The Take by ScreenPrism,Mar 24 2019,The Office: Kelly and Andy - A Love Story Never Told,3538,152,1021,122047,ZiH_JarTo_c
"parks and recreation, april ludgate, andy dwyer, parks and rec, parks and rec april pregnant, parks and rec april funny moments, parks and rec april and andy wedding, aubrey plaza, chris pratt, Amy Poehler, Leslie Knope, Rashida Jones, Ann Perkins, Nick Offerman, Ron Swanson, Adam Scott, Ben Wyatt",The Take by ScreenPrism,Mar 23 2019,Parks and Recreation: April & Andy - Millennials Growing (Up) Together,5239,108,1155,103622,Fi23C16SAK4
"Game of Thrones, Gregor Clegane, The Mountain, House Clegane, Sandor Clegane, Oberyn Martell, House Martell, George R.R. Martin, game of thrones mountain vs the viper, game of thrones mountain vs hound, game of thrones mountain dies, game of thrones mountain vs faith, game of thrones mountain kills horse, game of thrones cleganebowl, game of thrones clegane fight, game of thrones season 8",The Take by ScreenPrism,Mar 17 2019,Game of Thrones: The Mountain - Gregor Clegane Character Study,5669,222,1035,234751,ydrUG5iRpYI
"Game of Thrones, Gendry, game of thrones gendry, game of thrones gendry and arya, arya stark, robert baratheon, game of thrones gendry meets jon, game of thrones gendry hammer, game of thrones gendry theory, game of thrones gendry finds out, game of thrones season 8, ned stark, game of thrones theory",The Take by ScreenPrism,Mar 16 2019,Game of Thrones: Gendry the Last Baratheon Standing,8688,260,984,405526,HDfrD_VA81s
"shiey, ILLEGALFREEDOM, shiey music, shiey running out, shiey rap",shiey,Apr 13 2019,shiey - running out [Audio],1743,121,235,20879,k7P94f-j2Tg
"shiey, ILLEGAL FREEDOM, rooftop escape, rooftop parkour, escape through office, illegal building entering, illegal exploration, POV parkour, urban climbing, urbex, POV urban exploration, security parkour",shiey,Apr 10 2019,"""Chill bro I'm not going to fall...""",3639,87,400,49603,xND97I8qSYA
"shiey, ILLEGAL FREEDOM, rooftop escape, rooftop parkour, escape through office, illegal building entering, illegal exploration, POV parkour, urban climbing, urbex, POV urban exploration, security park",shiey,Apr 03 2019,Found lots of military aircraft in hangar. (caught by guards),3429,86,399,55544,QXipHzCcp7I
"shiey, ILLEGAL FREEDOM, rooftop escape, rooftop parkour, escape through office, illegal building entering, illegal exploration, POV parkour, urban climbing, urbex, POV urban exploration, security park",shiey,Mar 27 2019,No officer I'm not going to jump!,6275,218,1186,115081,GhoDhlPEnrE
"ILLEGAL FREEDOM, shiey, military ship, war ship, abandoned military ship, abandoned war ship",shiey,Mar 20 2019,Found & entered a military war ship.,6042,307,546,229159,6wuVjrXLsmY
"shiey, ILLEGAL FREEDOM, factory exploration, pov train surf, train surfing across cities, bla bla, train surfing journey",shiey,Mar 13 2019,Road trip BUT we have no money.,4039,126,502,59249,zainRWp-4b8
"shiey, ILLEGAL FREEDOM, undergound bunker, underground soviet safe house, underground safe house, fully stocked safe house, fallout shelter",shiey,Mar 06 2019,Found fully equipped bunker forgotten underground.,3733,158,423,131071,ShYA3xYW8wM
"shiey, ILLEGAL FREEDOM, undergound bunker, underground soviet safe house, underground safe house, fully stocked safe house, fallout shelter",shiey,Feb 27 2019,Inside a HAUNTING underground nuclear command center.,4161,173,818,80440,fK4VG0vSjO8
"shiey, ILLEGAL FREEDOM, factory exploration, pov train surf, train surfing across cities, bla bla",shiey,Feb 20 2019,EVOLUTION OF CONFIDENCE (dangerous),5690,103,448,78054,I4yuNoecSrw
"shiey, ILLEGALFREEDOM, urban exploration, short film, VACANT OASIS",shiey,Feb 13 2019,ILLEGAL FREEDOM: VACANT OASIS,4096,54,1396,47519,j9kFkPVd4Xw
"VFX, Shorts, TheCGBros, CG, 3D, FX, Effects, Animation, Motion, Multimedia, Conceptual, Art, Design, Rigging, Texture, Low, Poly, Modeling, Painting, Storyboarding, Compositing, Character, Graphics, Texturing, Special, Digital, Post, Production, Visual, GFX, Capture, MoCap, Computer, Realflow, Cinema, 4D, Maya, Matchmover, pftrack, bojou, Nuke, Rotoscoping, Matte, Autodesk, Shake, Renderman, Camera, Projection, Particle, Mocha",TheCGBros,Apr 14 2019,"CGI 3D Animated Short: ""UE4 Real-Time Rendering Short Film: Rebirth"" - by  Quixel | TheCGBros",318,9,145,5250,HWN4rM5mCuc
"VFX, Shorts, TheCGBros, CG, 3D",TheCGBros,Apr 14 2019,"CGI & VFX Showreels: ""Demo Reel"" - by Gwendolyn Wynne Gettelfinger | TheCGBros",163,9,49,4378,h_Y8mCahQnw
"VFX, Shorts, TheCGBros, CG, 3D, FX, Effects, Animation, Motion, Multimedia, Conceptual, Art, vfx breakdown, vfx effects, vfx software, vfx movie making, vfx tutorial, vfx reel, thecgbros animations, animation movies, animation short film, shorts movie, vfx artist, effects film",TheCGBros,Apr 13 2019,"CGI & VFX Breakdowns: ""Superbowl"" - by Michel Denis Da Silva | TheCGBros",101,25,17,4661,jVcD0FlMa20
"VFX, Shorts, TheCGBros, CG, 3D, FX, Effects, Animation, Motion, Multimedia, Conceptual, Art, Design, Rigging, Texture, Low, Poly, Modeling, Painting, Storyboarding, Compositing, Character, Graphics, Texturing, Special, Digital",TheCGBros,Apr 12 2019,"CGI & VFX Showreels: ""Demo Reel"" - by Philipp Sieben | TheCGBros",136,2,69,2876,pCYQ4X7Ghjk
"VFX, Shorts, TheCGBros, CG, 3D, FX, Effects",TheCGBros,Apr 12 2019,"CGI & VFX Breakdowns: ""Mazda CX-5"" - by Cadre Pictures | TheCGBros",146,6,74,4184,QsP0QXCfjS0
"VFX, Shorts, TheCGBros, CG, 3D, FX, Effects, Animation, Motion, Multimedia, Conceptual, Art, Design, Rigging, Texture, Low, Poly, Modeling, Painting, Storyboarding, Compositing, Digital, Post, Production, Visual, GFX, Capture, MoCap, Computer, Realflow, Cinema, 4D, Maya, Matchmover, pftrack, bojou, Nuke, Rotoscoping, Matte, Autodesk, Shake, Renderman, Camera, Projection, Particle, Mocha",TheCGBros,Apr 11 2019,"CGI 3D Animated Short: ""Mall Troopers"" - by Wogube Denard | TheCGBros",208,68,86,5086,DrPzANxNgfI
"VFX, Shorts, TheCGBros, CG, 3D, FX, Effects, Animation, Motion, Multimedia, Conceptual, Art, Design, Rigging, Texture, Low, Poly, Modeling, Painting, Storyboarding, Compositing, Character, Graphics, Texturing, Special, Digital, Post, Production, Visual, GFX, Capture, MoCap, Computer",TheCGBros,Apr 11 2019,"CGI & VFX Showreels: ""Animation Demo Reel"" - by Ali Mahdi | TheCGBros",150,10,86,3037,cp9cA-4edJc
"VFX, Shorts, TheCGBros, CG, 3D, FX, Effects",TheCGBros,Apr 10 2019,"CGI & VFX Showreels: ""Animation Reel"" - by Ramesh Babu Morkonda Sethuraman | TheCGBros",250,17,95,7570,hTh3pjcr_74
"VFX, Shorts, TheCGBros, CG, 3D, FX, Effects, Animation, Motion, Multimedia, Conceptual, Art, Design, Rigging, Texture, Low, Poly, Modeling, Painting, Storyboarding, Compositing, Character, Graphics, Texturing, Special, Digital, Post, Production, Visual, GFX, Capture, MoCap, Computer, pftrack, bojou, Nuke, Rotoscoping, Matte, Autodesk, Shake, Renderman, Camera, Projection, Particle, Mocha",TheCGBros,Apr 10 2019,"CGI & VFX Breakdowns: ""Health Star Rating"" - by Cadre Pictures | TheCGBros",315,13,68,6496,nmdeuMCSK1g
"VFX, Shorts, TheCGBros, CG, 3D, FX, Effects, Animation, Motion, Multimedia, Conceptual, Art, Design, Rigging, Texture, Low, Poly, Modeling, Painting, Storyboarding, Compositing, Character, Graphics, Texturing, Special, Digital, Post, Production, Visual, GFX, Capture, MoCap, Computer, Realflow, Cinema, 4D, Maya, Matchmover, pftrack, bojou, Nuke",TheCGBros,Apr 09 2019,"CGI 3D Animated Short: ""The Brave Heart"" - by Luca Schenato & Sinem Vardarli | TheCGBros",545,16,592,7699,WmPhlmxb1G8
"SCP, scp wiki, secure, contain, protect, musical, music, song, lord bung, connie glynn, punk duck, confinement, animation, comedy, horror, parody, dark humour, black humour, microwave, music man, ya got trouble, anomaly, anomalies, paranormal, salesman, alien, widow, cartoon, spooky, creepy, containment, monster, entertainment",Lord Bung,Apr 14 2019,Confinement Special - Anomalies!,42326,197,217,344755,8L0wQgPa20o
"scp, scp wiki, annapantsu, comedy, animation, confinement, lord bung, music parody, entertainment, music, secure contain protect, secure, contain, protect, horror, bung, parody, cartoon, lord, monster, corn, fine, dandy, connor, containment",Lord Bung,Mar 03 2019,SCP Confinement Music Video: Fine & Dandy,68661,909,225,1839522,sxLSAGAFPLI
"SCP, SCP wiki, animation, comedy, horror, dark comedy, lord bung",Lord Bung,Jan 28 2019,Confinement Update: I broke my bum,35147,90,75,407039,CN_A8EMVx0A
"SCP, SCP wiki, animation, comedy, horror, dark comedy, lord bung,Confinement, animation",Lord Bung,Dec 14 2018,Confinement Ep6: The Infinite IKEA (part 1 of 2),126216,688,671,2248096,Vcq1lLCgk7E
"SCP wiki, SCP foundation, SCP, Lord Bung, Confinement, animation, behind the scenes, comedy, horror, Qu0026A",Lord Bung,Sep 14 2018,Confinement Q&A with Lord Bung: Behind the Scenes,13364,53,408,199911,EZ-dG7M7h4c
"Confinement, lord bung, SCP, IKEA, infinite IKEA",Lord Bung,Sep 06 2018,Confinement Ep6 Trailer!,32695,143,31,809761,VN2vQr2ZMk0
"SCP, SCP wiki, SCP foundation, Animation, Horror, Comedy, Lord Bung",Lord Bung,Jul 23 2018,Confinement Trailer - An SCP Animated Series,22592,91,57,460974,fkD3u6typrs
"SCP foundation, Lord Bung, Gemodawn, Romance, Comedy, Animation",Lord Bung,Jun 20 2018,Confinement Special - Only Us,75853,400,474,1876061,oxaAvfXZhzM
"pixar cars, history, satire, comedy, mockumentary, lord bung, documentary",Lord Bung,May 12 2018,THE WORST CAR COLLISIONS IN HISTORY (part 2),7484,98,298,133685,h6-5nonyHSg
"animation, horror, scp, comedy",Lord Bung,Apr 15 2018,Confinement Ep5: The Swordsman,105683,575,687,3114331,1NfAvqpt8_w
"pcie, device, computer, gaming, apex legends, cs:go, csgo, graphics card, gpu, science, STEM, team, cooling, riser, mining",Linus Tech Tips,Apr 15 2019,The WEIRDEST PC Parts we Found on AliExpress,1349,39,1168,10952,QsdqfcCx5C8
"Gigabyte, Aero 15, Gaming, Workstation, laptop, RTX, Nvidia, i9",Linus Tech Tips,Apr 14 2019,A NEW Level of Gimmick? Gigabyte Aero 15 x9 Review,16697,272,625,591936,Jd2GOHfSS5o
"amd, gaming, system, lan, center, build, pc, intel, 2700x, ryzen, rtx, 2070",Linus Tech Tips,Apr 13 2019,My DREAM Setup using AMD?? - LMG Lounge Update,23236,509,1029,735632,WoKPCCYvByo
"Linus, Tech, Tips, Car, Lambo, LTX, LTX2018, automobile, Honda, Civic",Linus Tech Tips,Apr 12 2019,"Facebook NEVER learns - WAN Show April 12, 2019",4429,433,3455,238555,jcE3NG8Z1Fg
"Thermal paste, DIY, homemade, make your own, thermal, paste, grease, thermal grease, custom, PC, mod, build, Riley Murdock, Alex Clark, using, toothpaste, vaseline, silicon grease, overclock, overclocked, how to, CPU, cooler",Linus Tech Tips,Apr 11 2019,Can you make your OWN thermal paste??,29569,1021,1298,750242,9xncum0d4Vk
"amazon, pc, cheap, gaming, intel, rosewill, amd, radeon, samsung, wd, insignia, gaming PC, budget, how to build, cheapest, option, games, 1080p",Linus Tech Tips,Apr 10 2019,We Built the CHEAPEST PC on Amazon!,34308,1136,1075,1081019,AkK_n5Q8M38
"gaming, PC, linux, pop!_os, manjaro, ubuntu, nvidia, amd, intel, stadia, google, steam, lutris, dxvk, starcraft ii, proton, wine, native linux games, tutorial, guide",Linus Tech Tips,Apr 09 2019,Microsoft Should be VERY Afraid - Noob's Guide to Linux Gaming,59031,1099,884,915422,Co6FePZoNgE
"xbox, adaptive, controller, pro, one, one x, one s, access, accessibility, abled, disability, impaired, one hand, quad stick, quad joy",Linus Tech Tips,Apr 08 2019,Is Microsoft… the Good Guy? - Xbox Adaptive Controller,29419,812,776,764595,MwYTLiXI6zY
"pc, water, cooling, liquid, computer, gaming, overclock, sink, tap, stream",Linus Tech Tips,Apr 07 2019,PC Cooling with the Kitchen Sink?,35419,982,774,800174,CFXyyJyEtVI
"monitor, surround, ultra wide, 49, triple, nvidia, gaming, dell, lg, samsung, chg90, 4919dw",Linus Tech Tips,Apr 06 2019,Get on my level.,42889,2591,782,1149763,n5xvPUobfDA
"The Great Dying, Permian extinction, Permian mass extinction, dinosaurs, paleontology, prehistoric life, alternatehistoryhub, alternatehistoryhub permian, permian great dying, synapsids, therapsids, rise of the dinosaurs, extinction of dinosaurs, what if dinosaurs never went extinct, dinosaurs alternate history, treytheexplainer, evolution, evolution alternate history, speculative evolution",Alternate History Hub,Apr 14 2019,The Extinction That Caused The Dinosaurs (And If It Never Happened),9986,100,743,158997,ywzPWhsrM_8
"AlternateHistoryHub, alternate history, the south's plan to conquer the caribbean, the golden circle, golden circle, south golden circle, golden circle caribbean, world of warships, civil war alternate history, civil war, csa alternate history, latin america history, latin america alternate history, latin america golden circle, alternate history hub golden circle, south plan to conquer caribbean, caribbean history, cuba and usa",Alternate History Hub,Mar 22 2019,The South's Plan To Conquer the Caribbean (And If It Happened),16019,212,685,353526,nVjLZA6RWjo
"Woodrow Wilson, Woodrow Wilson cynicalhistorian, cynical historian, alternatehistoryhub, woodrow wilson alternate history, world war 1, WWI, great war, great war alternate history, world war 1 alternate history, american interventionism, wilsonianism, the election that ruined everything, election alternate history, teddy roosevelt history, woodrow wilson history, wilson president, world war 1 history, american intervention, rise of communism wwi, russian revolution wwi",Alternate History Hub,Mar 10 2019,The Election That Ruined Everything (And If It Never Happened),28732,904,1819,600256,hLiI6kXZkZI
"Civil War, Civil War history, civil war alternate history, alternate history, alternate history hub, alternatehistoryhub civil war, what if the civil war never happened, what if the south never secedded, southern secession, alternate history slavery, slavery in the south, civil war alternate scenario, what if the south won the civil war",Alternate History Hub,Feb 05 2019,What if the Civil War Never Happened?,22020,517,1244,519550,sWr8ikxXg9I
"Horses, What if horses never existed, horses alternate history, alternatehistoryhub, horses never existed, alternate history, history of cavalry, history of the horse, what if, what if the horse didn't exist?, mongol empire, spread of the mongols, central asia horses, domestication of the horse, horse warfare, warfare history, alternate history hub",Alternate History Hub,Jan 05 2019,What if Horses Never Existed?,17007,292,704,319848,vFF3nRKoLWg
"Google and China, Google China Program, China internet, NordVPN, VPN China, AlternateHistoryHub, alternate history, Project Dragonfly, China detention camps, Uyghurs, Google censorship, china censorship, google and china censorship, google congress, google dragonfly, china dragonfly, china atrocities, google china, google alternatehistoryhub, chinese government",Alternate History Hub,Dec 13 2018,Don't Be Evil: A Tale of Google China and Atrocities,31243,575,534,402510,gcvTeRmFsXE
"The Atlantropa Articles, atlantropa articles, Rome Never Existed Pt. II, Rome Never Existed, Roman Empire never existed, roman empire, roman empire alternate history, roman empire history, history of roman empire, celts and romans, celtic paganism, paganism, roman empire and christendom, christendom, alternatehistoryhub, alternate history, roman empire pt. II, what if rome never existed pt. II, paganism and christendom",Alternate History Hub,Dec 03 2018,What if Rome Never Existed? Part II: The Fate of Christendom,15978,245,995,309192,pBxND8Kix7Y
"vpn, von client, vpn network, free vpn change id, vpn web browser, AlternateHistoryHub, alternate history, what if rome never existed, roman empire, history of rome, punic wars, carthage empire, carthage, ancient europe history, celtic history, celtic, celts and rome, rome and carthage, rome expansion, history of the roman empire, what if the roman empire never existed alternatehistoryhub, roman empire never existed, roman empire never fell, what if, alternate history hub",Alternate History Hub,Oct 28 2018,What if the Roman Empire Never Existed?,27053,513,1031,696195,0ImebebQAGs
"The Atlantropa Articles, AlternateHistoryHub, alternate history, the atlantropa articles alternate history, atlantropa, atlantropa articles, alternate history novel, harry turtledove, alternate history fiction, dystopian novel, science fiction, fiction novel, WWII, WWII book, man in the high castle, alternatehistoryhub man in the high castle",Alternate History Hub,Oct 16 2018,My New Book Is Officially Out (Plus Other Updates),4525,41,91,71189,Fn1gM9PBLhc
"The Atlantropa Articles, AlternateHistoryHub the atlantropa articles, atlantropa, atlantropa project, atlantropa articles, alternate history fiction, alternate history book, dystopian fiction, alternatehistoryhub",Alternate History Hub,Oct 07 2018,I Wrote An Alternate History Novel. What is 'The Atlantropa Articles'?,12713,112,191,171165,7gIjqY7cetw
"black hole, Katie Bouman",Squirrel Monkey,Apr 14 2019,The black hole picture in the first half of the 20th century,432,16,153,3368,U3PVOXJF-os
"PUBG, Player, unknown's, battlegrounds, world wide web, wonders of the world wide web",Squirrel Monkey,Apr 15 2019,PUBG in 1991,1150,15,235,12665,rTlKbc4NErw
"Marie Kondo, Konmari, world wide web, Wonders of the world wide web",Squirrel Monkey,March 31 2019,Tidying up your computer in the '90s: Marie Kondo style,917,7,274,15011,BVpSI-sCs4E
"8 bit guy, dream computer, david murray, 8-bit guy",Squirrel Monkey,Mar 15 2019,The 8-Bit Guy's Dream Computer,2359,64,250,35777,Q1JPpi9Wz9E
"Samsung, Galaxy, Fold, Galaxy Fold. World wide web",Squirrel Monkey,Feb 28 2019,The Samsung Galaxy Fold in the late '90s - Wonders of the World Wide Web,1776,34,179,55141,UllZH-Xeb0k
"LGR, youtubers, creators, vloggers, vlogger",Squirrel Monkey,Feb 09 2019,The Secrets of LGR,4214,97,337,49366,K3VKN3FaI1Q
"future, time travel, time traveling, past, 1985, yt:cc=on",Squirrel Monkey,Jan 12 2019,Author who visited the future,1346,16,535,16205,42cAbdLbQ9o
"pewdiepie, meme, meme review, pewdiepie memes",Squirrel Monkey,Jan 05 2019,Life of PewDiePie,3133,53,213,24409,bT1JXEhggq8
"Minecraft, 90s, world wide web, Minecraft 3D",Squirrel Monkey,Dec 30 2018,Minecraft in the early Nineties (Minecraft 3D),5242,206,198,109365,s8ElbTrYqZQ
"Tik Tok, TikTok, world wide web",Squirrel Monkey,Nov 27 2018,Tik Tok in 1988 - Wonders of the World Wide Web,17105,303,203,230520,PaZCs-uUBXk
"Down the Rabbit Hole, DtRH, TempleOS, Terry A. Davis, Terrence Andrew Davis, LoseThos, Documentary, Schizophrenia, Schizophrenic, OSDev, programming, Operating System, OS, SparrowOS, Kiwi Farms, Something Awful",Fredrick Knudsen,Dec 22 2018,TempleOS | Down the Rabbit Hole,66992,1232,5152,1773622,UCgoxQCf5Jg
"Fredrik Knudsen, Guru Larry, Larry Bundy Jr., GameLife, Down the Rabbit Hole, DtRH, Andrew Rosenblum, Dan Cohen, Melissa, Game Life, Gaming videos, Alex Lizarbe, Geoff Mendicino, Angry Video Game Nerd, AVGN",Fredrick Knudsen,Oct 06 2018,GameLife (ft. Guru Larry) | Down the Rabbit Hole,18581,947,1552,567581,c0uWTKomkaY
"Down the Rabbit Hole, fursuit, ConFurence, Fredrik Knudsen, Burned Fur, Mark Merlino, Rod O'Riley, The Prancing Skiltaire, Cartoon/Fantasy Organization, CFO, Convention, furry, furries, DeviantArt, FurAffinity",Fredrick Knudsen,Aug 13 2018,Furries | Down the Rabbit Hole,40234,988,2648,1345265,8aF2GxWi7Ag
"Down the Rabbit Hole, Fredrik Knudsen, Final Fantasy House, Jen, Renee, Cid, Greta, Zach, Timeline, DukeLovesYou, Arcaxon, DtRH, otherkin, soulbonding, soulbonders, Housemate Horror, State College Pennsylvania",Fredrick Knudsen,Jul 14 2018,A Chronological Retelling of the Final Fantasy House | Down the Rabbit Hole Extra,8498,78,506,232310,vHReSTzYQME
"Down the Rabbit Hole, DtRH, Fredrik Knudsen, Final Fantasy VII House, Final Fantasy House, otherkin, soulbonders, soulbonding, State College Philadelphia, The Sarah Saga, Housemate Horror",Fredrick Knudsen,Jun 03 2018,The Final Fantasy House | Down the Rabbit Hole,32935,630,2407,1257841,lFRjrLmc_4c
"Noah Antwiler, The Spoony One, Channel Awesome, That Guy with the Glasses, Angry Video Game Nerd, AVGN, Spoony, LordKat, reviewer, Spoony Bard, dtrh",Fredrick Knudsen,Mar 30 2018,Noah Antwiler (Spoony) | Down the Rabbit Hole,36602,915,2272,1656083,OMSZ1TqgOIU
"Down the Rabbit Hole, Mistakes, dtrh",Fredrick Knudsen,Feb 01 2018,Mistakes 2 | Down the Rabbit Hole,6179,179,375,239219,S6oUCN1LWF0
"Down the Rabbit Hole, Rajneeshpuram, Osho, Ma Anand Sheela, salmonella, Fredrik Knudsen, Rajneesh, commune, new age movement, Oregon, dtrh",Fredrick Knudsen,Jan 23 2018,Rajneeshpuram | Down the Rabbit Hole,33922,735,2356,1250197,Gwx9nqknu-c
"Fredrik Knudsen, Down the Rabbit Hole, Gene Ray, Otis Eugene Ray, Richard Janczarski, internet, meme, Time Cube, cubic, the greatest thinker, the wisest human, timecube.com, MIT, dtrh",Fredrick Knudsen,Nov 30 2017,Time Cube | Down the Rabbit Hole,25460,374,2725,1002524,H7lWCqbgQnU
"Fredrik Knudsen, Down the Rabbit Hole, Digital Homicide Studios, Jim Sterling, James Stanton, The Romine Brothers, James Romine, Robert Romine, Loot Toot Games, The Slaughtering Grounds, The Jimquisition, Lawsuit, dtrh",Fredrick Knudsen,Oct 27 2017,Digital Homicide: Finale | Down the Rabbit Hole,17004,192,946,776806,7n9jSxoy5kc
"Oneyplays, oney, letsplay, videogames, pcgames",OneyPlay,Apr 15 2019,Oney Plays Kingdom Hearts 2 - EP 53 - Rose Tinted Bully,1226,2,1378,12280,5fpvTXmt0r0
"Oneyplays, oney, fallout, fallout new vegas, fallout vegas, fallout new vegas pc, fallout oneyplays, fallout oney plays, oney plays fallout new vegas, oney plays new vegas",OneyPlay,Apr 14 2019,Oney Plays Fallout: New Vegas - Ep 11 - My Stinkle,1797,20,1557,58724,cpojJYYT8gQ
"Oneyplays, oney, oney plays, oney plays complete, oney plays complete series, oneyplays complete, jak and daxter, jak ps4, jak and daxter collection, jak and daxter funny, jak and daxter oneyplays, jak and daxter lets play, oney plays jak and daxter",OneyPlay,Apr 13 2019,Oney Plays Jak and Daxter (Complete Series),1113,17,5619,45055,fbIgFtRoC1Y
"Oneyplays, oney, fallout, fallout new vegas, fallout vegas, fallout new vegas pc, fallout oneyplays, fallout oney plays, oney plays fallout new vegas, oney plays new vegas",OneyPlay,Apr 13 2019,Oney Plays Fallout: New Vegas - Ep 10 - My New Friend Boone,1918,25,1320,66618,yg-7Acq6QBw
"Oneyplays, oney, fallout, fallout new vegas, fallout vegas, fallout new vegas pc, fallout oneyplays, fallout oney plays, oney plays fallout new vegas, oney plays new vegas",OneyPlay,Apr 12 2019,Oney Plays Fallout: New Vegas - Ep 9 - 50/50,2757,20,1513,76440,PQwEuQCYx1Q
"Oneyplays, oney, letsplay, videogames, pcgames",OneyPlay,Apr 11 2019,BEHOLD THIS ANNOUNCEMENT,4544,103,62,94896,QNY25QA35Sc
"Oneyplays, oney, letsplay, videogames, pcgames",OneyPlay,Apr 10 2019,Oney Plays BeamNG - Ep 3 - Default Italy,3435,30,1524,97153,YGF4EHSoVgE
"Oneyplays, oney, letsplay, videogames, pcgames",OneyPlay,Apr 09 2019,Oney Plays BeamNG - Ep 2 - House Call,3439,26,1063,102001,CbTtwzzzz6k
"Oneyplays, oney, beamng, beamng drive, beamng gameplay, beamng oneyplays, beamng oney plays, beamng let's play, beamng.drive, beamng crashes, beamng pc",OneyPlay,Apr 08 2019,Oney Plays BeamNG Drive - Ep 1 - Alpha Pursuit,5144,65,1264,149953,QE7K6lOtTFc
"Oneyplays, oney, fallout, fallout new vegas, fallout vegas, fallout new vegas pc, fallout oneyplays, fallout oney plays, oney plays fallout new vegas, oney plays new vegas",OneyPlay,Apr 07 2019,Oney Plays Fallout: New Vegas - Ep 8 - Merchants of Death,2521,29,1441,83348,IK1iHj7EoAA
"Tech Insider, TI, Tech, Science, Innovation, Digital culture, elon musk, boring company, tunnel, futuristic, project, tesla, spacex, commute, las vegas, chicago, ny, transportation",Tech Insider,Apr 14 2019,What's Going On With The Boring Company | Untangled,1197,129,304,48329,TN3PaMwK9AA
"Tech Insider, TI, Tech, Science, Innovation, Digital culture, disney plus, disney, walt disney, streaming service, movies, films, hollywood, marvel, pixar, star wars, tech, netflix, hulu",Tech Insider,Apr 11 2019,Disney+ Streaming Service Details Finally Revealed,2344,75,244,97467,fhahmFpODCA
"Tech Insider, TI, Tech, Science, Innovation, Digital culture, spacex, rocket, space, elon musk, nasa, falcon heavy",Tech Insider,Apr 11 2019,Watch SpaceX Launch And Land The World's Most Powerful Rocket,4840,91,193,192545,7u9M0ZvGfP4
"Tech Insider, TI, Tech, Science, Innovation, Digital culture, space, astronomy, astronomers, black hole, event horizon telescope",Tech Insider,Apr 10 2019,How Astronomers Took The First Ever Image Of A Black Hole,15821,203,212,655893,qpYcCI9uzKo
"Tech Insider, TI, Tech, Science, Innovation, Digital culture, prosthetics, 3dprinting, thirdworldcountries, 3d printed limbs, Guillermo Martinez, limbs, arms",Tech Insider,Apr 10 2019,Meet The 24-Year-Old Whose Prosthetic Limbs Are Changing Lives,2133,16,183,48180,E0dbagxeMT0
"Tech Insider, TI, Tech, Science, Innovation, Digital culture, netflix, animation, disney, anime, streaming, japan, disneyplus",Tech Insider,Apr 09 2019,Why Netflix Is Using Anime To Take On Disney,2587,41,296,71647,Y2byvwuD3C4
"Tech Insider, TI, Tech, Science, Innovation, Digital culture, facial recognition, data, software, US, china, ICE, immigration, society, privacy",Tech Insider,Apr 07 2019,Why Facial Recognition Is So Creepy | Untangled,2013,96,452,72532,BqQT4sIOYA0
"Tech Insider, TI, Tech, Science, Innovation, Digital culture, nasa, astronaut, space, mount everest, career, scott parazynski, space shuttle, spacewalk, drones, flight, CEO, start up, maurizio cheli",Tech Insider,Apr 01 2019,Meet The Only NASA Astronaut To Climb Mount Everest,1219,38,233,51698,Xq-NLk3AE-w
"Tech Insider, TI, Tech, Science, Innovation, Digital culture, laptop, touch screen, microsoft, google, device, computers, hardware, software",Tech Insider,Mar 31 2019,Everything Wrong With Touch Screen Laptops | Untangled,1847,386,251,108881,2UvnyXqB7cM
"Tech Insider, TI, Tech, Science, Innovation, Digital culture, astronaut, nasa, spacesuit, moon, space, sun, radiation, rescue, spacewalk, moonwalk",Tech Insider,Mar 29 2019,Why Are NASA Spacesuits White?,2784,92,220,122539,damoYDG9rmk
"Flamingosis, beats, future funk, instrumental, Hip-Hop, Bright Moments, Vinyl, Records, Full Album, Funk, Soul, Electronic",ElFamosoDemon,Mar 14 2019,Flamingosis - Bright Moments (Full Album Vinyl),433,2,3051,6044,8BUQPaDbTHs
"EeMu, beats, instrumental hip hop, electronic, hip hop music, music video, animation, cat and mouse, Fantasy, animals, Cold, Japan, producer, psychedelic",ElFamosoDemon,Feb 27 2019,EeMu - cold,843,6,175,15258,yielghmFpNY
"kick a dope verse!, beats, instrumental hip hop, Boom bap, sports, 1994, 94, 90s, Football, basketball, montage, Seize, check the formula, Cowboys, San Francisco 49ers, NBA, NFL, Vintage, Chicago Bulls",ElFamosoDemon,Feb 14 2019,seize - check the formula,544,7,133,8324,SALqSTyPshg
"Beats, compilation, mix, chill, lo fi beats, instrumental hip hop, waves, boom bab, Hip Hop Music, playlist, Showcase, producers, future funk, Water Reflection Effect, sleep, vibes",ElFamosoDemon,Jan 29 2019,Catnap Mix,417,2,1144,7553,bN3-WcP8ldM
"eggglub, beats, hip hop, instrumental hip hop, Chile, Golf, animation, fashion, Rbnscrsoe, Flakodiablo, loops, Funk, 90's",ElFamosoDemon,Jan 25 2019,Eggglub - Rbnscrsoe,885,8,185,17232,uoCXbKGBy6w
"Batbxy, beats, all in all, instrumental hip hop, boxing, Tyson, lo fi hip hop, boom bap, Jazz, loops, music video",ElFamosoDemon,Jan 17 2019,BATBXY - all in all.,748,11,111,12565,9urrQSAV7xE
"Dokutā Slump, Eternal Cruise, beats, future funk, vaporwave, tropical, Chill, Fairies, CRT, monitor, Loops",ElFamosoDemon,Jan 09 2019,Dokutā Slump - Eternal Cruise,345,17,178,7055,07LepUdQvRc
"Cody G, With You, beats, instrumental Hip Hop, Lo-Fi, Brother, Sister, Diary, Chase, House, Art, Flowers",ElFamosoDemon,Jan 02 2019,Cody G - With You,720,10,192,13152,kT1UvzmgIcU
"Toetensen, beats, instrumental hip hop, Suburban Blight, Cassette, Beat Tape, Funk, easy listening, Germany, Producer, Loops, Records, Tape Deck, Lo-Fi, Disco",ElFamosoDemon,Jan 01 2019,Toetensen - Suburban Blight [Full BeatTape],234,2,1922,4174,N4PlouclYDQ
"Loka!, beats, instrumental hip hop, Lo-Fi, Hip Hop music, Think on, Lose, Earwax Daydream, Fuzzoscope, beat tape",ElFamosoDemon,Dec 19 2018,L o k a ! - Think On//Lose,522,9,79,10449,gsc1uNQ7rC0
"weed, Lebanon, hash, cannabis, Arab World, Legalization, Bekaa Valley, hash oil, cannabis bill, cannabis farmers, cannabis farming, hash production, Legalizing Weed, vice, journalism, documentary, videos, culture, interview, film, movies, underground, vice videos, lifestyle, independent, vice guide, exclusive, vice mag, vice magazine, vice.com, world, documentaries, short films, docs, yt:cc=on, hashish, weedweek2019, weed week, weedweek, history, Yammouneh, legalize, pot, medical marijuana, medicine",Vice,Apr 15 2019,Lebanon’s Green Gold: The Debate to Legalize Cannabis,918,22,779,8451,KMSyYs5lJlU
"vice, journalism, documentary, videos, culture, interview, film, movies, underground, vice videos, lifestyle, independent, vice guide, exclusive, vice mag, vice magazine, vice.com, world, documentaries, short films, docs, yt:cc=on, Witness, migracam, mexico, Brownsville, Texas, ACLU, iphone, android, know your rights, livestream, live stream, safety, public safety, filming police, ICE, border patrol, wall, marta martinez, michael brown, copwatch, donald trump, trayvon martin, migrant caravan",Vice,Apr 12 2019,The Watchdogs Surveilling Border Patrol and ICE,1352,1672,736,84021,k_ILl04HBME
"humor, funny, Yelp, one star reviews, worst reviews, vice, journalism, documentary, videos, culture, interview, film, movies, underground, vice videos, lifestyle, independent, vice guide, exclusive, vice mag, vice magazine, vice.com, world, documentaries, short films, docs, yt:cc=on, plastic surgery, botox, filler, i got botox, youth, appearance, beauty, taji ameen, face, facial, i got work, worst-rated, vice guide to right now, taji one star, one star review, comedy, review",Vice,Apr 11 2019,One of Yelp’s Worst-Rated Plastic Surgeons: I Got Work Done | One Star Reviews,21641,1680,640,1126953,w8OrhHj8pOA
"documentary, documentaries, docs, interview, culture, lifestyle, world, exclusive, independent, underground, videos, journalism, vice guide, vice.com, vice, vice magazine, vice mag, vice videos, film, short films, movies, homeless, homelessness, sleeping rough, poverty, london, horror, director, filmmaking, filmmaker, United Kingdom, britain, brexit, action, spy, thriller, mystic demon killer, homeless film director, cult films, outsider",Vice,Apr 10 2019,The Homeless Man Who Made a Horror Movie,3379,79,1788,118353,P-aV9cOiSBE
"New York, BROOKLYN, art, Tattoos, health, cancer, Tonic, Breast cancer, sue jeiven, vice, journalism, documentary, videos, culture, interview, film, movies, underground, vice videos, lifestyle, independent, vice guide, exclusive, vice mag, vice magazine, vice.com, world, documentaries, short films, docs, yt:cc=on, tattoo art, tattoo, illustration, drawing, stage 4 cancer, stage iv cancer, new york city, legacy, immortality, east river tattoo, tattoo stories",Vice,Apr 09 2019,How Terminal Cancer Changed Me as a Tattoo Artist | Immortalized in Ink,1626,80,246,51481,-eTBHwEjNP8
"vice, money, NEW YORK CITY, san francisco, rent, The VICE Guide To Right Now, journalism, documentary, videos, culture, interview, film, movies, underground, vice videos, lifestyle, independent, vice guide, exclusive, vice mag, vice magazine, vice.com, world, documentaries, short films, docs, yt:cc=on, finance, economy, lee adams, explainer, explained, universal rent control, new york city, high rent, paycheck, millennial, loans, mortgage, michael rotondo, 30 year old evicted, living at home",Vice,Apr 07 2019,Why Your Rent is So Damn High,7113,1360,360,226656,A5xKz5AcuXE
"documentary, documentaries, docs, interview, culture, lifestyle, world, exclusive, independent, underground, videos, journalism, vice guide, vice.com, vice, vice magazine, vice mag, vice videos, film, short films, movies, wrestling, bruiser brody, wwe, wwf, fighting, bloody fights, scariest wrestlers, terrifying stories, death, murder, true crime, kayfabe, invader #1, bruiser brody son, Frank Donald Goodish, Puerto Rico, abdullah the butcher, jose gonzalez, wwwf, brawling, dutch mantell, stabbing, knife",Vice,Apr 06 2019,The Life and Death of Legendary Wrestler Bruiser Brody | DARK SIDE OF THE RING (Full Episode),4926,59,2666,140103,inXF6i3TvvU
"vice, documentary, war, syria, Sweden, isis, Caliphate, YPG, foreign, fighter, ISIS stronghold, diary, ANTI-JIHADIST MILITIA, SWEDISH KURDISH FIGHTER, FOREIGN FIGHTER, COMBAT MEDIC, FIGHTING ISIS, journalism, videos, culture, interview, film, movies, underground, vice videos, lifestyle, independent, vice guide, exclusive, vice mag, vice magazine, vice.com, world, documentaries, short films, docs, yt:cc=on, firat, vice news, journalist, soldier, warrior, battle",Vice,Apr 05 2019,Safer at War than at Home | Diary of a Combat Medic (Part 3/3),5627,229,269,187916,m54L1jusS5w
"vice, documentary, war, syria, Sweden, isis, Caliphate, YPG, foreign, fighter, ISIS stronghold, diary, ANTI-JIHADIST MILITIA, SWEDISH KURDISH FIGHTER, FOREIGN FIGHTER, COMBAT MEDIC, FIGHTING ISIS, journalism, videos, culture, interview, film, movies, underground, vice videos, lifestyle, independent, vice guide, exclusive, vice mag, vice magazine, vice.com, world, documentaries, short films, docs, yt:cc=on, middle east, iraq, iran",Vice,Apr 04 2019,Interrogating Enemy Fighters | Diary of a Combat Medic (Part 2/3),4368,113,255,156918,_xO5dsGEL_E
"documentary, documentaries, docs, interview, culture, lifestyle, world, exclusive, independent, underground, videos, journalism, vice guide, vice.com, vice, vice magazine, vice mag, vice videos, film, short films, movies, kurds, kurdish, war, islamic, muslim, syria, people's defense unit, ypg, sdf, syrian democratic force, vice news, news, isis, caliphate, defending syria, united states, sweden, packing for war, preparing for war, isil, military, anti-jihadist, militia, battle",Vice,Apr 03 2019,What to Pack for War in Syria | Diary of a Combat Medic (Part 1/3),7976,214,383,253701,PdJJxwP8NaU
"tom scott, tomscott, cape reinga, tasman sea, pacific ocean, new zealand, where two oceans meet, things you might not know",Tom Scott,Apr 15 2019,Where Two Oceans Meet Debunked,10093,55,177,71036,a4N4yQB_B4c
"tom scott, tomscott, vancouver, need for speed ii, deja vu",Tom Scott,Apr 08 2019,I Drove My Childhood Favorite Racing Game In Real Life,32788,188,224,382058,juRkaqkDfCM
"tom scott, tomscott, built for science, multi-axes rotation and tilt device, brandeis university, ashton graybiel spatial orientation laboratory, disorientation, artificial gravity",Tom Scott,Apr 02 2019,The Artificial Gravity Lab,36154,166,378,591078,bJ_seXo-Enc
"tom scott, tomscott, built for science, multi-axes rotation and tilt device, brandeis university, ashton graybiel spatial orientation laboratory, disorientation, vestibular system",Tom Scott,Mar 25 2019,Blindfold Balancing in the Spinning Space Chair,14084,70,300,244923,jhQa9xLk5qk
"tom scott, tomscott, built for science, harvard art museums, forbes pigment collection, Narayan Khandekar, straus center",Tom Scott,Mar 18 2019,The Library of Rare Colors,23204,122,313,457756,rApTzWboLrA
"tom scott, tomscott, game garage, keep it or dump it, quiz show, quiz",Tom Scott,Mar 14 2019,Keep It or Dump It (with Matthew who is lovely but not internet famous),10357,99,892,180392,6lTrkC8LFMc
"tom scott, tomscott, fascination, fascination parlor, play-for-cash, cash, hull, nantasket beach, amazing places",Tom Scott,Mar 11 2019,The Last Play-For-Cash Fascination Parlor,16088,59,300,341444,bOWse-Xm6Ao
"tom scott, tomscott, game garage, game show, barry lewis, colin furze, em ford, hannah witton, lucy belle earl, saf, steven bridges",Tom Scott,Mar 07 2019,Above Average (with too many people to fit in this title),11485,216,1472,268503,RAgbu7eDm44
"tom scott, tomscott, amazing places, st peter's seminary, glasgow, cardross, archdiocese of glasgow, scotland, seminary, modernist, brutalist, architecture",Tom Scott,Mar 04 2019,The Broken Building That Must Not Be Destroyed,26337,352,299,698040,AtkmDmMzZO8
"tom scott, tomscott, game garage, evan edinger, luke cutforth, quiz, weight for it",Tom Scott,Feb 28 2019,Weight For It (with Evan Edinger and Luke Cutforth),12767,152,1250,202509,WnxVOw1uhTw
"fox, super smash bros, smash bros ultimate, alpharad, elite fox, elite smash",Alpharad,Apr 05 2019,ELITE FOX: Gun Percent,16600,338,722,494443,IhYW4M2xbA0
"smash bros ultimate, ultimate, Smash Ultimate CPU Tournament, alpharad, CPU Tournament",Alpharad,Apr 03 2019,Smash Ultimate CPU Tournament,22733,355,916,459621,_Clb4Qd7sN8
"super smash bros, smash bros ultimate, ssb4, bayonetta, super smash bros wii u, wii u, alpharad, smash 4",Alpharad,Apr 01 2019,"Funny Smash ""Ultimate"" Video",18158,219,698,518542,ZBk_IWbTIcs
"super smash bros, smash bros, smash bros ultimate, cpucs, level 9, level 9 cpu, tournament, alpharad, vincent, toyconvict",Alpharad,Mar 31 2019,PUNISHED CONVICT: Ultimate Level 9 CPU Tournament,24098,503,1375,635907,kA2frX-a92Y
"alpharad, kill la kill, anime, trigger, arcsys, gainax, gurren lagann, ryuko matoi",Alpharad,Mar 27 2019,Kill La Kill IF,18314,315,898,552183,fOcFFfO4-Io
"super smash bros, smash bros ultimate, alpharad, elite smash, dark pit, items, smash bros, online",Alpharad,Mar 25 2019,ELITE DARK PIT: Carried by Items,16727,207,705,556683,7-SjWyOgVr4
"super mario odyssey, smo, mario odyssey, super mario, odyssey, nintendo switch, mario, alpharad, speedrun",Alpharad,Mar 21 2019,Perfect Co-op Speedrun in Super Mario Odyssey [15:44] WR,13459,413,944,403629,JeoOdB1i1oA
"super smash bros, smash bros ultimate, super smash bros ultimate, zelda, alpharad, smash bros, smash bros alpharad",Alpharad,Mar 19 2019,ZELDA: The Casual Top Tier,14415,164,732,568612,xDtlTyCQliY
"super smash bros, smash bros ultimate, smash ultimate, cpucs, level 9 cpu, level 9, ultimate, tournament, alpharad",Alpharad,Mar 17 2019,DARK VINCE AWAKENS: Ultimate Level 9 CPU Tournament,37616,582,1403,887234,MYt7sIQqqqk
"smash bros, super smash bros, new super mario bros, mario bros, super mario bros, mario, alpharad, nabbit",Alpharad,Mar 16 2019,Nabbit's Invincible Revenge,15666,282,852,606786,GFv-1cLSE2U
"all 7 sins and their power levels explained, all seven sins and their power levels, all 7 sins, every sin, every sin explained, who is the strongest sin?, how strong is meliodas, how strong is ban, how strong is escanor, seven deadly sins, nanatsu no taizai, the seven deadly sins ranked from weakes to strongest, all 7 sins ranked, all 7 sins explained, sds, seven deadly sins power levels, meliodas power level, ban power level, escanor power level, all power levels, animeuproar",AnimeUproar,Apr 10 2019,All 7 Sins and Their Power Levels Explained! (Seven Deadly Sins / Nanatsu no Taizai),934,21,790,7616,YqKMYBrxlGU
"real, villain, in, black, clover, is, not, who, you, think, black clover, black clover villain, black clover devil, the real villain, the real villain black clover, final villain black clover, new villain black clover, black clover explained, black clover theory, black clover villains, asta, asta demon, asta devil, yami, yuno, elf, licht, hidden evil, black clover secret, asta grimoire, five leaf grimoire, animeuproar, anime uproar, anime, patri, dark elf, asta explained",AnimeUproar,Apr 09 2019,The REAL Villain in Black Clover is NOT who you think!,1185,34,992,21132,wErhoUd86nE
"every, character's, sin, explained, every character's sin explained, all character sins explained, every sin explained, all 7 sins explained, every sin, seven deadly sins, nanatsu no taizai, meliodas, ban, escanor, king, gowther, diane, merlin, escanor sin of pride, merlin sin of gluttony, how they got their sins, how the seven deadly sins got their sins, meliodas sin of wrath, gowther sin of lust, ban sin of greed, king sin of sloth, diane sin of envy, sds, nnt, animeuproar",AnimeUproar,Apr 05 2019,Every Character's Sin Explained! (Seven Deadly Sins / Nanatsu no Taizai),3274,49,967,95468,l1-vctXL-KU
"is, it, actually, all, over, seven deadly sins, nanatsu no taizai, curse broken, curses broken, is seven deadly sins ending, seven deadly sins end, nanatsu no taizai ending, nanatsu no taizai end, epilogue, epilogue 1, seven deadly sins epilogue, nanatsu no taizai epilogue, seven deadly sins ending, is seven deadly sins over?, meliodas, meliodas demon king, elizabeth curse broken, meliodas curse broken, every sin, every sin explained, animeuproar, every demon, demon clan",AnimeUproar,Apr 03 2019,IS IT ACTUALLY ALL OVER?! (Seven Deadly Sins / Nanatsu no Taizai Manga Epilogue / King Meliodas),3707,67,766,108113,0CqpvqrP680
"top, 10, overpowered, abilities, in, the, seven, deadly, sins, top 10, top 10 overpowered, strongest abilities, strongest seven deadly sins characters, overpowered seven deadly sins characters, top 10 strongest, who is the strongest sin?, seven deadly sins, nanatsu no taizai, meliodas original power, ban after purgatory, every sin, every sin explained, meliodas, escanor, merlin, animeuproar, demon clan, how strong is meliodas, how strong is escanor, demon king meliodas",AnimeUproar,Apr 02 2019,Top 10 Overpowered Abilities in the Seven Deadly Sins! (Nanatsu no Taizai),2359,34,1121,76013,ZStMAcQwL1o
"what, if, meliodas, and, elizabeth, had, baby, meliodas elizabeth, meliodas elizabeth baby, meliodas elizabeth child, meliodas elizabeth son, if meliodas and elizabeth had a baby, anime babies, seven deadly sins, nanatsu no taizai, every sin, every sin explained, son of meliodas, son of wrath, son of elizabeth and meliodas, baby of meliodas, baby of elizabeth and meliodas, demon clan, every demon, every demon explained, goddess clan, every goddess, animeuproar, demon king meliodas",AnimeUproar,Apr 01 2019,What if Meliodas and Elizabeth had a BABY?! (Seven Deadly Sins / Nanatsu no Taizai Son of Wrath),3926,68,991,115102,vSx1TQJMq68
"domestic girlfriend, domestic girlfriend review, domestic na kanojo, domestic na kanojo review, anime review, romance, romance anime, animeuproar, love in anime, domestic girlfriend episode 11, domestic girlfriend episode 12, domestic girlfriend episode 11 review, domestic girlfriend episode 12 review, inuyasha, clannad, clannad afterstory, disney, honey and clover, what is love",AnimeUproar,Mar 30 2019,Domestic Girlfriend and the Beautifully Complicated Nature of Love,792,16,777,10122,vsBtuiJKgHg
"top 10, overpowered, characters, in, seven, deadly, sins, overpowered characters, seven deadly sins, overpowere characters seven deadly sins, overpowered characters nanatsu no taiza, nanatsu no taizai, top 10 strongest, strongest character seven deadly sins, top 10 strongest seven deadly sins, top 10 strongest nanatsu no taizai, every sin, every sin explained, every demon, every demon explained, demon clan, meliodas, zeldris, ban, king, merlin, escanor, animeuproar",AnimeUproar,Mar 29 2019,Top 10 OVERPOWERED Characters in Seven Deadly Sins! (Nanatsu no Taizai),2635,48,1212,80164,jceKN57Qdlg
"is, this, the, end, of, seven, deadly, sins, the end, seven deadly sins, the end of the seven deadly sins, the end of nanatsu no taizai, seven deadly sins manga end, nanatsu no taizai manga end, seven deadly sins over, nanatsu no taizai over, when will seven deadly sins end?, when will nanatsu no taizai end?, meliodas, demon king, demon king meliodas, meliodas demon king, sds, nanatsu no taizai, meliodas vs. demon king, meliodas vs demon king, hawk, final battle, animeuproar",AnimeUproar,Mar 27 2019,Is this THE END of the Seven Deadly Sins?! (Nanatsu no Taizai Meliodas vs. Demon King Final Battle),3468,51,666,115554,ZnrS_eOW6pg
"inside, the, mind, of, demon, king, inside the mind, inside the mind of the demon king, demon king, demon king seven deadly sins, demon king nanatsu no taizai, demon king meliodas, meliodas, meliodas demon king, meliodas father, meliodas demon, seven deadly sins, nanatsu no taizai, seven deadly sins explained, meliodas explained, demon king explained, every demon, every demon explained, every sin, every sin explained, animeuproar",AnimeUproar,Mar 26 2019,Inside the Mind of the Demon King (Seven Deadly Sins / Nanatsu no Taizai),2735,37,960,65048,am0QKSnmm2k
"Anime Zone, Gigguk, Top Anime, OP, ED, Anime Endings, Best Anime Endings, Top Anime Endings, Top 10 Anime Endings, Anime Conclusions, Top Anime Conclusions, Top 10 Anime Conclusions, Top Anime ED, Anime ED",Gigguk,Mar 28 2019,The Art of Ending an Anime,53082,427,1010,818375,GMc8icI6mmg
"Anime Zone, Gigguk, Top Anime, OP, ED, Domestic Girlfriend, Domestic Girlfriend Review, Domestic Girlfriend OP, Domestic Girlfriend ED, Domestic Girlfriend episode 1, Domestic Kanojo, Domestic Kanojo OP",Gigguk,Mar 21 2019,describing domestic girlfriend's spicy plot after eating a ghost pepper,50799,520,451,562952,ZTZ70sS5gd4
"Anime Zone, Gigguk, Top Anime, OP, ED, Top Romance Anime, Drama Anime, Top Drama Anime, top 10 Romance Anime, Top 10 Drama Anime, Domestic Girlfriend, Domestic Girlfriend OP, DOmestic Girlfriend ED, Domestic Girlfriend Review, Domestic Girlfriend Episode 1",Gigguk,Mar 19 2019,Domestic Girlfriend: A Dumpster Fire I Can't Stop Watching,81063,721,811,1267397,n2OQu9yMh9k
"Anime Zone, Gigguk, Top Anime, OP, ED, Anime, Anime Mainstream, Anime Rant, Anime Brands, Anime Analysis, Anime Documentary, Anime Global, Anime Popular, Castlevania, High Guardian Spice, Anime Defini",Gigguk,Mar 08 2019,Anime is a Brand,57641,789,757,908825,WWccr1r-H0E
"Anime Zone, Gigguk, Top Anime, OP, ED, Shield Hero, The Rising of the Shield Hero, Isekai, Shield Isekai, Top Isekai, best Isekai, Top 10 Isekai, Top Isekai 2018, Shield Hero OP, Shield Hero ED, Shield Hero Episode 1",Gigguk,Feb 26 2019,Shield Hero: The Rising of the Isekai Genre,55747,446,733,975705,74jNvMw-FLc
"Anime Zone, Gigguk, Top Anime, OP, ED, best Girl, Best Girl Anime, Anime, Top Waifu, Top Anime Waifu, Top 10 Anime Waifu, Best Girl Shield Hero, Raphtalia Best girl, Raphtalia, Filo",Gigguk,Feb 19 2019,when you disagree over best girl,65934,564,254,826824,JcZBxdbPjVs
"Anime Zone, Gigguk, Top Anime, OP, ED, Winter Anime, Winter Anime 2019, 2019 Winter Anime, Top Winter Anime, Best Winter Anime, Winter 2019 Anime Season, Anime 2019, Winter Anime Guide, Winter 2019 Anime Guide, Best Winter OP, Best Winter ED",Gigguk,Feb 07 2019,Winter Anime 2019 in a Nutshell,94648,794,655,1794777,TmY8NG5t-lQ
"Anime Zone, Gigguk, Top Anime, OP, ED, Best Anime, Best Anime 2018, Top Anime 2018, Best ANime Fights, Best Anime Fights 2018, Top ANime FIghts 2018, Top Anime OP 2018, Best ANime ED 2018, Anime Awards, Crunchyroll ANime Awards, Best Action Anime 2018, Best ANime OST 2018",Gigguk,Jan 24 2019,Best of Anime 2018,68547,1371,1020,1288369,4kSjq35b5K4
"Anime Zone, Gigguk, Top Anime, OP, ED, Anime in 2018, 2018 Anime, Top Anime 2018, Top 10 Anime 2018, top 10 Anime, Winter 2018 Anime, Spring 2018 Anime, Top Spring 2018 Anime, Best 2018 Anime",Gigguk,Jan 01 2019,Anime in 2018,138239,1460,1303,2064151,OMybzJY5K0Y
"Anime Zone, Gigguk, Top Anime, OP, ED, That Time I got reincarnated as a slime, Slime Anime, Slime Isekai, Slime Tensei, Top Isekai, Best Isekai, Top 10 Isekai Anime, Top Isekai 2018, TenSura, Tensei shitara Slime Datta Ken, Slime Anime OP, Slime Anime ED, That Time I Got Reincarnated as a Slime OP, Slime Isekai OP, Slime ANime Episode 1, That Time I Got Reincarnated As A Slime ED",Gigguk,Dec 24 2018,Slime Isekai: The Best Kind Of Isekai Anime,63998,730,620,1176005,YsJ4aguEcNk
"avengers, avengers endgame, avengers endgame scene, avengers endgame opening scene, avengers endgame trailer, avengers endgame final scene, avengers infinity war, thanos, infinity war final scene, infinity war ending, infinity stones, captain marvel, thor, captain america, black widow, bruce banner, thor hammer, stormbreaker, thor captain marvel, new rockstars, avengers endgame clip, avengers endgame official clip",New Rockstars,Apr 09 2019,"Avengers Endgame OPENING SCENE Revealed! Thanos' Next Move & ""I Have Telepathy"" Voice!",26607,557,530,836163,RMYvHLaZad8
"avengers, avengers endgame, infinity war, thanos, doctor strange, doctor strange plan, avengers time loop, age of ultron, age of ultron time loop, endgame time loop, infinity stone, time stone, power stone, mind stone, vision, guardians of the galaxy, doctor strange time loop, avengers endgame final scene, avengers endgame theory, new rockstars",New Rockstars,Apr 09 2019,Avengers Endgame TIME LOOP Theory! Doctor Strange's Plan Explained!,19034,338,520,453151,S_J5kmLaNYw
"game of thrones, game of thrones season, game of thrones season 8, game of thrones final season, game of thrones final episode, game of thrones season 8 episode 1, game of thrones episode, night king, night king plan, night king plan explained, bran night king, night king bran, what does the night king want, white walker, night king dragon, night king wall, game of thrones theory, jon snow, dany, arya, sansa, bran, new rockstars, westeros weekly",New Rockstars,Apr 08 2019,Night King REAL PLAN Explained! Game of Thrones Season 8 Q&A #WesterosWeekly,1961,91,3115,85919,PDMmBHgoN6Y
"shazam, shazam post credit, shazam ending, shazam final scene, shazan superman, shazam superman cameo, shazam superman scene, shazam worm, shazam mister mind, shazam mr mind, shazam post credit scene, shazam end credit scene, shazam easter egg, shazam full movie, shazam movie, superman, justice league, batman, aquaman, wonder woman, shazam breakdown, shazam post-credit scenes, new rockstars",New Rockstars,Apr 06 2019,SHAZAM Post Credit Scenes Explained! Surprise Cameos & DC Easter Eggs Revealed!,10822,423,451,566432,MPyYj36nd50
"DC, DCEU, DC Movies, Shazam, Zachary Levi, Billy Batson, Joker, Joaqin Phoenix Joker, Joker movie, Joker trailer, Joker origin, joker origin movie, Todd Phillips joker, Todd Phillips joker movie, MCU, Marvel, Avengers, Endgame, Avengers Endgame, Selvig, Terminator, Terminator Dark Fate, Terminator sequel, new terminator, Kumail Nanjiani, Kumail Nanjiani MCU, Kumail Nanjiani Eternals, Erik Voss, Sam Bashor, Filup Molina, Samm Levine, New Rockstars",New Rockstars,Apr 05 2019,SHAZAM Review! - Why It Works #Debrief,2386,66,3619,74066,RRuSQSZCnWw
"joker 2019 trailer breakdown, joker teaser trailer breakdown, joker trailer easter eggs, joker easter eggs, joker joaquin phoenix breakdown, joker origin movie, joker origin breakdown, joker origin explained, joker solo movie breakdown, Joaquin phoenix joker movie, batman joker easter egg, batman in joker movie, joker 2019 release date, joker imdb, joker rotten tomatoes, sam bashor, new rockstars, might be awesome, only stupid answers",New Rockstars,Apr 04 2019,JOKER Trailer Breakdown - EVERY EASTER EGG AND THINGS YOU MISSED!,23268,686,663,900338,Opuf3IrFZwc
"game of thrones, game of thrones breakdown, game of thrones trailer, game of thrones trailer breakdown, game of thrones season, game of thrones season 8, game of thrones season 8 trailer, game of thrones aftermath, game of thrones episode, game of thrones final season, game of thrones season 8 episode 1, game of thrones battle of winterfell, game of thrones dragon, winterfell, game of thrones easter egg, arya, game of thrones 8x01, westeros weekly, new rockstars",New Rockstars,Apr 04 2019,"GAME OF THRONES Season 8 ""Aftermath"" ""Together"" & ""Survival"" Trailer Breakdown!",5378,109,756,201240,wVTb2JkprH4
"avengers endgame, avengers, avengers endgame trailer, avengers endgame trailer breakdown, avengers endgame special look, avengers endgame tickets, avengers endgame movie, avengers endgame opening scene, avengers endgame final scene, avengers endgame explained, avengers endgame post credit, avengers infinity war, thanos, infinity gauntlet, infinity stone, captain america, iron man, tony stark, spiderman, captain marvel, thor, avengers endgame easter egg, new rockstars, erik voss",New Rockstars,Apr 03 2019,"AVENGERS ENDGAME Trailer Breakdown! ""Special Look"" CGI Explained!",46190,689,990,1667459,HFI-3snFk2c
"walking dead, walking dead season, walking dead season finale, walking dead final scene, walking dead radio, walking dead negan, walking dead episode, walking dead snow, walking dead blizzard, walking dead season 9, walking dead season 9 episode 16, walking dead 916, walking dead 9x16, walking dead reaction, walking dead recap, walking dead ezekiel, walking dead daryl, walking dead the storm, walking dead whisperers, walking dead commonwealth",New Rockstars,Apr 02 2019,Walking Dead Season 9 Finale Breakdown! RADIO VOICE Explained!,3333,109,525,104112,XSH27UWv94A
"game of thrones, season 8, season 8 trailer, season 8 footage, season 8 clip, season 7, season 7 recap, jon snow, tyrion, jon dies, cersei, theories, predictions, breakdown, spoilers, golden company, premiere, finale, promo, reaction, react, game of thrones season 8, westeros weekly, filup molina, erik voss, new rockstars, preview, podcast",New Rockstars,Apr 02 2019,Game of Thrones - WHO WILL BETRAY JON? - Season 8 Episode 1 Preview Q&A (Season 7 Recap Too!),1734,76,3033,79652,TAsY0xUefJ4
"Mystery Wheel, Mystery Wheel of, Mystery Wheel Challenge, spin the wheel challenge, Ryan ToysReview, Ryan's Toy, Ryan toysreview, Combo Panda, Gus the Gummy Gator, Big Gil, VTubers, drawing, drawing challenge, Ryan's Family, Ryan's Mommy, Ryan's Daddy",Ryan's Toys Review,Apr 10 2019,Mystery Wheel of Who Knows Combo Panda and Vtubers Better Challenge!,1453,351,913,45391,s9tLpDeZq4Q
"Ryan ToysReview, Ryan's Toy, Ryantoysreview, Ryan pretend play, kids pretend play, police, police dress up, kids dress up, learn, help, kids police, kids toys, toys for kids, kids learn, playhouse, kids playhouse, playhouse for kids, paw patrol, paw patrol toys, pretend play",Ryan's Toys Review,Apr 09 2019,Ryan Pretend Play Police Helps find Daddy!!,8766,1816,375,2259192,smeLY0J0MJA
"Ryan ToysReview, Ryan's Toy, Ryan toysreview, pretend play, pretend play for kids, pokemon, pikachu, pokemon go, pokemon in real life, cathing pikachu, in real life, toys, kids toys, toys for kids",Ryan's Toys Review,Apr 08 2019,Ryan Pretend Play with Pikachu Pokemon Go In Real life!!,4321,1088,902,1009937,Tl8kF7Ipzak
"easter egg, easter eggs, eggs hunt, easter egg hunt, egg surrpise, egg surprise toys, surprise toys challenge, easter egg hunt surprise, Ryan ToysReview, Ryan, Ryans, Ryan's toy, Ryan's family, Ryan's Daddy, Ryam's Mommy, toys for kids, eggs hunt for kids, kids easter egg hunt, kids easter egg hunt outdoor, egg hunt 2019, easter eggs 2019, egg hunt 2019 eggs, huge easter eggs",Ryan's Toys Review,Apr 07 2019,Huge Easter Egg Hunt Surprise Toys for Kids!,3284,757,327,759981,j0x_e-L4DBY
"Ryan Toysreview, Ryan's toyreview, Ryan toy review, Ryan's toy review, Ryantoysreview, ryan toy, Ryan's World, Ryan World, Ryan's Mystery Playdate, Ryan's Mystery, New TV show, Kids tv show, video for kids, kids, kids show, nick jr, nickelodian, nickelodian show, nick jr show, Combo Panda, Gus the Gummy Gator",Ryan's Toys Review,Apr 06 2019,Ryan's First TV Show! Ryan's Mystery Playdate!,7766,1538,378,2331150,TzX04TeWJ9U
"Ryan ToysReview, Ryan Toys, Ryantoysreview, pretend play, pretend play video, kitchen playset, food toys, cooking, kids cooking, toys, kids toys, pretend play kitchen, velcro food toys, fruits, vegetables, cutting food toys, toys for kids, for kids",Ryan's Toys Review,Apr 05 2019,Ryan Pretend Play with Kitchen Food Toy Cooking Playset!,6623,1727,1826,2246832,1qjxk7gNX6M
"Ryan ToysReview, Ryan's Toy, Ryantoysreview, waterpark, waterslide, water slides, splash pad, cruise, cruise ship, family, family vacation, family trip, ryan's family, water slide, water park",Ryan's Toys Review,Apr 04 2019,Huge Waterpark and water slides on the cruise with Ryan,7070,1939,250,2985812,YC5OuI6P6UY
"Ryan ToysReview, Ryan's Toy Review, Ryan toys, Ryantoysreview, Ryan, Ryan pretend play, pretend play, kids pretend play, kids toys, toys for kids, Ryan's World, Ryan's Family Review, funny kids video, toys for children, toys channel, school, pretend play school, box fort maze, box fort",Ryan's Toys Review,Apr 03 2019,Ryan had a Bad Dream at School....,10259,2106,531,3220170,KScl0XoUoYM
"Box Fort, Box Fort Maze, Giant box fort, nerf, nerf toys, kids toys, Ryan ToysReview, Ryan's Toy, Ryantoysreview, Ryan's Toy Review, kids box fort, box fort pretend play, kids box fort playtime, pretend play kids, box fort for kids, Ryan's Family, Ryan's Family Review",Ryan's Toys Review,Apr 02 2019,Giant Box Fort Maze Nerf Battle Challenge!!!,2476,707,329,834234,Q3u0xQLOHFw
"Ryan ToysReview, Ryan's toy, Ryan's Toy Video, Ryan pretend play, pretend play school, kids pretend play, learn, learning, healthy choices, school, play school, school for kids",Ryan's Toys Review,Apr 01 2019,Ryan Pretend Play Learning Healthy Choices at School!!!,11536,2578,2039,4106361,_PDOdtVLf3g
"kirby, nintendo, switch, nintendo switch, smash ultimate kirby, kirby smash ultimate, kirby super smash, kirby star allies, kirby super smash bros ultimate, kirby smash, kirby SSBU, kirby switch, something about kirby, who created kirby, kirby lore, kirby default dance, kirby star allies wave 3, kirby theme, kirby music, kirby dreamland, kirby right back at ya, kirby super star, dedede, king dedede, kirby theory, nintendo theory, game theory, game theorists, matpat",The Game Theorists,Apr 07 2019,Game Theory: How Does Kirby Fly?,60169,2107,903,1239322,XuNJzStBelA
"mario, yoshi, nintendo, yoshi sacrifice, the yoshi sacrifice, mario maker, super mario maker, super mario, mario bros, mario kart, super mario bros, mario world, super mario odyssey, mario jump, super mario jump, jump up super star, yoshi's sacrifice, luigi, double jump, jump, newtonian physics, physics, the science, the science of, the science of mario, game theorists, game theory, matpat, game theory mario",The Game Theorists,Apr 04 2019,Mario DON'T JUMP! Calculating the Danger of the Yoshi Sacrifice! | The SCIENCE of... Mario,43346,1776,927,1166897,dP120k0xUwM
"fnaf, fnaf 7, fnaf vr, fnaf help wanted, fnaf vr help wanted, five nights, fnaf 4, scott cawthon, fanart, copyright, five nights at freddys, fan art, fnaf fan art, freddy, bonnie, foxy, sister location, problem, controversy, drama, game theory fanart, game theory, game theorists, matpat, game theory fnaf, matpat fnaf, the problem with game theory, the problem with matpat, matthew patrick, stolen fanart",The Game Theorists,Mar 31 2019,Game Theory: The FNAF 7 Oopsie! Scott's Problem With Fanart,149082,5884,1226,4397392,9_mZ-8PdvmM
"fanart, problem, controversy, drama, storytime, matpat controversy, matpat problem, what happened to game theory, copyright, game theory fanart, game theory, game theorists, matpat, game theory fnaf, matpat fnaf, the problem with game theory, the problem with matpat, matthew patrick, stolen fanart",The Game Theorists,Mar 31 2019,Addressing Game Theory's Biggest Problem,120650,3114,1167,1970594,73441gAiMIc
"fnaf, five nights at freddy's, five nights at freddys, fnaf 7, fnaf vr, fnaf sister location, sister location, fnaf trailer, fnaf teaser, fnaf vr help wanted, fnaf help wanted, fnaf ultimate custom night, ultimate custom night, fnaf ucn, ucn, fnaf theory, fnaf into madness, into madness, song fnaf, fnaf 6, fnaf 5, new fnaf, game theorists, scott cawthon, game theory, matpat, game theory fnaf, matpat fnaf",The Game Theorists,Mar 24 2019,Game Theory: FNAF 7 The Untold Story of Sister Location,249630,9001,1129,6143123,yJTo3HnV8V0
"apex legends, wraith, apex legends wraith, wraith apex legends, how to use wraith apex, the science of apex legends, many worlds theory, wraith apex legends guide, wraith apex legends gameplay, quantum mechanics, apex legends funny moments, apex legends funny, apex legends wraith tips, wraith guide, apex legends compilation, apex legends guide, many worlds hypothesis, many worlds, the science, the science of, the science of wraith, game theory, game theory apex legends",The Game Theorists,Mar 21 2019,Apex Legends STRONGEST Legend: Why Wraith Cannot Lose! | The SCIENCE of... Apex Legends,34512,1495,999,967403,-KhnpTfZWH0
"kingdom hearts 3, frozen, kingdom hearts, disney, kh3, elsa, frozen 2, kingdom hearts 3 arendelle, kh3 arendelle, kingdom hearts 3 frozen, frozen world, kingdom hearts 3 frozen boss, frozen keyblade, arendelle, kingdom hearts 3 lucky emblems, face my fears, face my fears kingdom hearts 3, kh3 lucky emblems, frozen theory, kingdom hearts theory, secret level, hidden level, secret boss, game theory, game theorists, lost level, matpat",The Game Theorists,Mar 17 2019,Game Theory: The Frozen Level You Will NEVER Play! (Kingdom Hearts 3),67635,1296,1161,1800721,Neau6ttz6Bk
"kirby, nintendo, switch, nintendo switch, smash ultimate kirby, kirby smash ultimate, kirby super smash, kirby star allies, kirby super smash bros ultimate, kirby smash, kirby SSBU, kirby switch, something about kirby, who created kirby, kirby lore, kirby default dance, kirby star allies wave 3, kirby theme, kirby music, kirby dreamland, kirby right back at ya, kirby super star, dedede, king dedede, kirby theory, nintendo theory, game theory, game theorists, matpat",The Game Theorists,Mar 10 2019,Game Theory: Kirby...Dream Land's Biggest THREAT! pt 1,69620,4874,1161,2118617,8AQKpfhiq4o
"mario, super mario odyssey, minecraft, gold farming, fallout, fallout 4, fallout 76, mass effect, sims, sims 4, skyrim, elder scrolls, zelda, zelda breath of the wild, breath of the wiild, super mario, luigi, money, economics, the witcher, gold farm, gold farm minecraft, gold farming fallout, gold farming skyrim, the science, the science of, game theory, game thoerists, matpat, rich, earn money",The Game Theorists,Mar 07 2019,Mario vs Minecraft! Who is Gaming's RICHEST? | The SCIENCE of... Video Game Millionaires,56516,2358,1105,1343230,o2vKYRniAUs
"spinning tea, spill the tea, charity, youtubers, creators, pewdiepie, markiplier, jacksepticeye, ninja, yogscast, mr beast, supercarlinbros, super carlin bros, jake paul, kati morton, colleen ballinger, miranda sings, youtube ads, youtube advertising, gronkh, guardiancon, games done quick, zeldacon, roosterteeth, prestonplays, leonhart, dattosdestiny, zerator, vinesauce, egoraptor, defunctland, disneydam, vidcon, make a wish, chuggaconroy, protonjon, miniladd, eltoncastee, give back, youtube drama, drama",The Game Theorists,Mar 05 2019,What They WON'T TELL YOU About Your Favorite Channels,234698,5120,1292,2549393,iB7C7o920zE